Time (%),Total Time (ns),Instances,Avg (ns),Med (ns),Min (ns),Max (ns),StdDev (ns),Style,Range
77.2,27678757367,1,27678757367.0,27678757367.0,27678757367,27678757367,0.0,PushPop,:Epoch 0
5.3,1909685285,98,19486584.5,16745975.0,8997265,156994250,17294015.9,PushPop,:backward
2.7,961218095,98,9808347.9,7035459.5,6466534,257067777,25309868.4,PushPop,:forward
2.7,953762167,1,953762167.0,953762167.0,953762167,953762167,0.0,PushPop,:Set data loader
1.5,526828692,1,526828692.0,526828692.0,526828692,526828692,0.0,PushPop,NCCL:ncclCommAbort
1.5,521118878,1,521118878.0,521118878.0,521118878,521118878,0.0,PushPop,:Set Data Parallelism
1.2,432243907,1,432243907.0,432243907.0,432243907,432243907,0.0,PushPop,:Train batch : {0}
0.5,185636986,1,185636986.0,185636986.0,185636986,185636986,0.0,PushPop,NCCL:ncclCommInitRankConfig
0.4,126084632,1,126084632.0,126084632.0,126084632,126084632,0.0,PushPop,:Sync model parameters
0.3,114504095,1,114504095.0,114504095.0,114504095,114504095,0.0,PushPop,:Train batch : {1}
0.2,87961991,1,87961991.0,87961991.0,87961991,87961991,0.0,PushPop,:Train batch : {97}
0.1,39836185,98,406491.7,227995.5,178640,17711440,1766118.2,PushPop,:loss
0.1,28982177,1,28982177.0,28982177.0,28982177,28982177,0.0,PushPop,:Train batch : {67}
0.1,26282935,1,26282935.0,26282935.0,26282935,26282935,0.0,PushPop,:Train batch : {40}
0.1,25694364,1,25694364.0,25694364.0,25694364,25694364,0.0,PushPop,:Train batch : {65}
0.1,25418334,1,25418334.0,25418334.0,25418334,25418334,0.0,PushPop,:Train batch : {36}
0.1,25341894,1,25341894.0,25341894.0,25341894,25341894,0.0,PushPop,:Train batch : {86}
0.1,25092195,1,25092195.0,25092195.0,25092195,25092195,0.0,PushPop,:Train batch : {89}
0.1,25038174,1,25038174.0,25038174.0,25038174,25038174,0.0,PushPop,:Train batch : {22}
0.1,24969244,1,24969244.0,24969244.0,24969244,24969244,0.0,PushPop,:Train batch : {70}
0.1,24953194,1,24953194.0,24953194.0,24953194,24953194,0.0,PushPop,:Train batch : {57}
0.1,24923205,1,24923205.0,24923205.0,24923205,24923205,0.0,PushPop,:Train batch : {91}
0.1,24909174,1,24909174.0,24909174.0,24909174,24909174,0.0,PushPop,:Train batch : {69}
0.1,24884764,1,24884764.0,24884764.0,24884764,24884764,0.0,PushPop,:Train batch : {44}
0.1,24818224,1,24818224.0,24818224.0,24818224,24818224,0.0,PushPop,:Train batch : {66}
0.1,24812144,1,24812144.0,24812144.0,24812144,24812144,0.0,PushPop,:Train batch : {85}
0.1,24784484,1,24784484.0,24784484.0,24784484,24784484,0.0,PushPop,:Train batch : {94}
0.1,24773825,1,24773825.0,24773825.0,24773825,24773825,0.0,PushPop,:Train batch : {71}
0.1,24749004,1,24749004.0,24749004.0,24749004,24749004,0.0,PushPop,:Train batch : {52}
0.1,24740524,1,24740524.0,24740524.0,24740524,24740524,0.0,PushPop,:Train batch : {75}
0.1,24699364,1,24699364.0,24699364.0,24699364,24699364,0.0,PushPop,:Train batch : {88}
0.1,24687504,1,24687504.0,24687504.0,24687504,24687504,0.0,PushPop,:Train batch : {73}
0.1,24674814,1,24674814.0,24674814.0,24674814,24674814,0.0,PushPop,:Train batch : {23}
0.1,24665304,1,24665304.0,24665304.0,24665304,24665304,0.0,PushPop,:Train batch : {54}
0.1,24663104,1,24663104.0,24663104.0,24663104,24663104,0.0,PushPop,:Train batch : {31}
0.1,24647374,1,24647374.0,24647374.0,24647374,24647374,0.0,PushPop,:Train batch : {87}
0.1,24616344,1,24616344.0,24616344.0,24616344,24616344,0.0,PushPop,:Train batch : {79}
0.1,24595654,1,24595654.0,24595654.0,24595654,24595654,0.0,PushPop,:Train batch : {90}
0.1,24588714,1,24588714.0,24588714.0,24588714,24588714,0.0,PushPop,:Train batch : {68}
0.1,24574804,1,24574804.0,24574804.0,24574804,24574804,0.0,PushPop,:Train batch : {21}
0.1,24552564,1,24552564.0,24552564.0,24552564,24552564,0.0,PushPop,:Train batch : {33}
0.1,24505994,1,24505994.0,24505994.0,24505994,24505994,0.0,PushPop,:Train batch : {77}
0.1,24490334,1,24490334.0,24490334.0,24490334,24490334,0.0,PushPop,:Train batch : {17}
0.1,24484184,1,24484184.0,24484184.0,24484184,24484184,0.0,PushPop,:Train batch : {25}
0.1,24479744,1,24479744.0,24479744.0,24479744,24479744,0.0,PushPop,:Train batch : {46}
0.1,24463754,1,24463754.0,24463754.0,24463754,24463754,0.0,PushPop,:Train batch : {32}
0.1,24433284,1,24433284.0,24433284.0,24433284,24433284,0.0,PushPop,:Train batch : {81}
0.1,24420724,1,24420724.0,24420724.0,24420724,24420724,0.0,PushPop,:Train batch : {51}
0.1,24408514,1,24408514.0,24408514.0,24408514,24408514,0.0,PushPop,:Train batch : {61}
0.1,24405434,1,24405434.0,24405434.0,24405434,24405434,0.0,PushPop,:Train batch : {43}
0.1,24404064,1,24404064.0,24404064.0,24404064,24404064,0.0,PushPop,:Train batch : {60}
0.1,24388264,1,24388264.0,24388264.0,24388264,24388264,0.0,PushPop,:Train batch : {24}
0.1,24384274,1,24384274.0,24384274.0,24384274,24384274,0.0,PushPop,:Train batch : {84}
0.1,24381054,1,24381054.0,24381054.0,24381054,24381054,0.0,PushPop,:Train batch : {72}
0.1,24378454,1,24378454.0,24378454.0,24378454,24378454,0.0,PushPop,:Train batch : {83}
0.1,24370754,1,24370754.0,24370754.0,24370754,24370754,0.0,PushPop,:Train batch : {92}
0.1,24358544,1,24358544.0,24358544.0,24358544,24358544,0.0,PushPop,:Train batch : {96}
0.1,24343314,1,24343314.0,24343314.0,24343314,24343314,0.0,PushPop,:Train batch : {80}
0.1,24325814,1,24325814.0,24325814.0,24325814,24325814,0.0,PushPop,:Train batch : {76}
0.1,24312244,1,24312244.0,24312244.0,24312244,24312244,0.0,PushPop,:Train batch : {95}
0.1,24311014,1,24311014.0,24311014.0,24311014,24311014,0.0,PushPop,:Train batch : {34}
0.1,24287994,1,24287994.0,24287994.0,24287994,24287994,0.0,PushPop,:Train batch : {93}
0.1,24280334,1,24280334.0,24280334.0,24280334,24280334,0.0,PushPop,:Train batch : {78}
0.1,24278254,1,24278254.0,24278254.0,24278254,24278254,0.0,PushPop,:Train batch : {63}
0.1,24275854,1,24275854.0,24275854.0,24275854,24275854,0.0,PushPop,:Train batch : {64}
0.1,24266134,1,24266134.0,24266134.0,24266134,24266134,0.0,PushPop,:Train batch : {53}
0.1,24229484,1,24229484.0,24229484.0,24229484,24229484,0.0,PushPop,:Train batch : {39}
0.1,24203824,1,24203824.0,24203824.0,24203824,24203824,0.0,PushPop,:Train batch : {37}
0.1,24198333,1,24198333.0,24198333.0,24198333,24198333,0.0,PushPop,:Train batch : {20}
0.1,24180413,1,24180413.0,24180413.0,24180413,24180413,0.0,PushPop,:Train batch : {42}
0.1,24171974,1,24171974.0,24171974.0,24171974,24171974,0.0,PushPop,:Train batch : {49}
0.1,24146974,1,24146974.0,24146974.0,24146974,24146974,0.0,PushPop,:Train batch : {28}
0.1,24141334,1,24141334.0,24141334.0,24141334,24141334,0.0,PushPop,:Train batch : {30}
0.1,24140174,1,24140174.0,24140174.0,24140174,24140174,0.0,PushPop,:Train batch : {41}
0.1,24119434,1,24119434.0,24119434.0,24119434,24119434,0.0,PushPop,:Train batch : {16}
0.1,24112344,1,24112344.0,24112344.0,24112344,24112344,0.0,PushPop,:Train batch : {62}
0.1,24106884,1,24106884.0,24106884.0,24106884,24106884,0.0,PushPop,:Train batch : {59}
0.1,24106073,1,24106073.0,24106073.0,24106073,24106073,0.0,PushPop,:Train batch : {5}
0.1,24099963,1,24099963.0,24099963.0,24099963,24099963,0.0,PushPop,:Train batch : {50}
0.1,24097914,1,24097914.0,24097914.0,24097914,24097914,0.0,PushPop,:Train batch : {38}
0.1,24089474,1,24089474.0,24089474.0,24089474,24089474,0.0,PushPop,:Train batch : {55}
0.1,24088114,1,24088114.0,24088114.0,24088114,24088114,0.0,PushPop,:Train batch : {10}
0.1,24086564,1,24086564.0,24086564.0,24086564,24086564,0.0,PushPop,:Train batch : {6}
0.1,24082943,1,24082943.0,24082943.0,24082943,24082943,0.0,PushPop,:Train batch : {45}
0.1,24068744,1,24068744.0,24068744.0,24068744,24068744,0.0,PushPop,:Train batch : {15}
0.1,24067953,1,24067953.0,24067953.0,24067953,24067953,0.0,PushPop,:Train batch : {14}
0.1,24055083,1,24055083.0,24055083.0,24055083,24055083,0.0,PushPop,:Train batch : {29}
0.1,24031824,1,24031824.0,24031824.0,24031824,24031824,0.0,PushPop,:Train batch : {7}
0.1,24010574,1,24010574.0,24010574.0,24010574,24010574,0.0,PushPop,:Train batch : {19}
0.1,23999874,1,23999874.0,23999874.0,23999874,23999874,0.0,PushPop,:Train batch : {47}
0.1,23989854,1,23989854.0,23989854.0,23989854,23989854,0.0,PushPop,:Train batch : {35}
0.1,23967643,1,23967643.0,23967643.0,23967643,23967643,0.0,PushPop,:Train batch : {74}
0.1,23962054,1,23962054.0,23962054.0,23962054,23962054,0.0,PushPop,:Train batch : {58}
0.1,23939334,1,23939334.0,23939334.0,23939334,23939334,0.0,PushPop,:Train batch : {18}
0.1,23919914,1,23919914.0,23919914.0,23919914,23919914,0.0,PushPop,:Train batch : {82}
0.1,23900754,1,23900754.0,23900754.0,23900754,23900754,0.0,PushPop,:Train batch : {48}
0.1,23891044,1,23891044.0,23891044.0,23891044,23891044,0.0,PushPop,:Train batch : {12}
0.1,23808633,1,23808633.0,23808633.0,23808633,23808633,0.0,PushPop,:Train batch : {26}
0.1,23736124,1,23736124.0,23736124.0,23736124,23736124,0.0,PushPop,:Train batch : {13}
0.1,23661274,1,23661274.0,23661274.0,23661274,23661274,0.0,PushPop,:Train batch : {27}
0.1,23647674,1,23647674.0,23647674.0,23647674,23647674,0.0,PushPop,:Train batch : {11}
0.1,23430963,1,23430963.0,23430963.0,23430963,23430963,0.0,PushPop,:Train batch : {8}
0.1,23429774,1,23429774.0,23429774.0,23429774,23429774,0.0,PushPop,:Train batch : {9}
0.1,21694783,1,21694783.0,21694783.0,21694783,21694783,0.0,PushPop,:Train batch : {4}
0.1,20015892,1,20015892.0,20015892.0,20015892,20015892,0.0,PushPop,:Train batch : {3}
0.1,19817351,1,19817351.0,19817351.0,19817351,19817351,0.0,PushPop,:Train batch : {56}
0.0,16724369,1,16724369.0,16724369.0,16724369,16724369,0.0,PushPop,:Train batch : {2}
0.0,14403765,196,73488.6,44650.0,20090,5260733,373273.4,PushPop,cuBLAS:cublasSgemm_v2
0.0,8198227,98,83655.4,81355.5,71870,121210,7624.7,PushPop,:upload data to GPU
0.0,4512142,2,2256071.0,2256071.0,625390,3886752,2306131.2,PushPop,cuBLAS:cublasCreate_v2
0.0,3739514,766,4881.9,4380.0,1490,35370,4081.4,PushPop,NCCL:ncclAllReduce
0.0,1413782,203,6964.4,7200.0,1130,186140,13723.8,PushPop,NCCL:ncclBroadcast
0.0,74480,1,74480.0,74480.0,74480,74480,0.0,PushPop,NCCL:ncclAllGather
