Time (%),Total Time (ns),Instances,Avg (ns),Med (ns),Min (ns),Max (ns),StdDev (ns),Name
9.9,1107352987,10480,105663.5,80097.0,2560,320516,111314.3,"void cudnn::engines_precompiled::nchwToNhwcKernel<float, float, float, (bool)0, (bool)1, (cudnnKernelDataType_t)2>(cudnn::engines_precompiled::nchw2nhwc_params_t<T3>, const T1 *, T2 *)"
9.7,1086260599,686,1583470.3,1429730.5,791723,2088923,254989.8,void cutlass__5x_cudnn::Kernel<cutlass_tensorop_s1688dgrad_optimized_tf32_256x64_16x4_nhwc_unity_stride_align4>(T1::Params)
8.1,903426048,820,1101739.1,1003485.0,56929,2062714,520807.5,sm86_xmma_fprop_implicit_gemm_tf32f32_tf32f32_f32_nhwckrsc_nchw_tilesize128x128x16_stage3_warpsize2x2x1_g1_tensor16x8x8_execute_kernel__5x_cudnn
6.8,760462405,392,1939955.1,1919144.5,1043214,2224669,112679.7,sm86_xmma_wgrad_implicit_gemm_indexed_tf32f32_tf32f32_f32_nhwckrsc_nhwc_tilesize64x64x64_stage3_warpsize2x2x1_g1_tensor16x8x8_execute_kernel__5x_cudnn
5.6,623409953,490,1272265.2,1511635.0,436581,1694486,390071.1,void cutlass__5x_cudnn::Kernel<cutlass_tensorop_s1688wgrad_optimized_tf32_256x64_16x4_nhwc_align4>(T1::Params)
5.1,563926213,294,1918116.4,1927848.5,1072590,2078779,103632.2,sm86_xmma_wgrad_implicit_gemm_indexed_tf32f32_tf32f32_f32_nhwckrsc_nhwc_tilesize128x128x16_stage3_warpsize2x2x1_g1_tensor16x8x8_execute_kernel__5x_cudnn
4.4,495375198,294,1684949.7,1694869.5,864875,1935609,204406.3,void cutlass__5x_cudnn::Kernel<cutlass_tensorop_s1688wgrad_optimized_tf32_256x128_16x3_nhwc_align4>(T1::Params)
4.4,488627250,472,1035227.2,1027885.0,622824,1157550,63722.7,sm86_xmma_fprop_implicit_gemm_tf32f32_tf32f32_f32_nhwckrsc_nchw_tilesize128x64x32_stage2_warpsize2x2x1_g1_tensor16x8x8_alignc4_execute_kernel__5x_cudnn
4.1,451459015,351,1286208.0,1247440.0,703849,1613749,97448.8,sm86_xmma_fprop_implicit_gemm_tf32f32_tf32f32_f32_nhwckrsc_nchw_tilesize256x128x32_stage2_warpsize4x2x1_g1_tensor16x8x8_alignc4_execute_kernel__5x_cudnn
4.0,440713651,490,899415.6,900684.0,572775,922636,33770.4,"void cudnn::bn_bw_1C11_kernel_new<float, float, float2, (int)128, (bool)1, (int)1>(T2, T2, T2, T2, cudnnTensorStruct, const T1 *, cudnnTensorStruct, const T1 *, cudnnTensorStruct, T1 *, const T2 *, T2 *, T2 *, const T2 *, const T2 *, T2)"
3.9,433781974,294,1475448.9,1494723.0,860395,1613812,94536.2,void cutlass__5x_cudnn::Kernel<cutlass_tensorop_s1688dgrad_optimized_tf32_128x128_16x5_nhwc_unity_stride_align4>(T1::Params)
3.8,423182771,1728,244897.4,236515.0,32961,477798,162622.6,"void at::native::vectorized_elementwise_kernel<(int)4, at::native::CUDAFunctor_add<float>, at::detail::Array<char *, (int)3>>(int, T2, T3)"
3.6,397321475,291,1365365.9,1364113.0,1207215,1488467,53530.5,void cutlass__5x_cudnn::Kernel<cutlass_tensorop_s1688dgrad_optimized_tf32_128x128_16x4_nhwc_unity_stride_align4>(T1::Params)
3.5,395367510,1666,237315.4,235907.0,40321,478694,163962.9,"void at::native::vectorized_elementwise_kernel<(int)4, at::native::BinaryFunctor<float, float, float, void at::native::<unnamed>::threshold_kernel_impl<float>(at::TensorIteratorBase &, T1, T1)::[lambda(float, float) (instance 1)]>, at::detail::Array<char *, (int)3>>(int, T2, T3)"
3.3,370921086,1465,253188.5,240259.0,115586,402501,111278.3,"void cudnn::bn_bw_1C11_kernel_new<float, float, float2, (int)32, (bool)1, (int)1>(T2, T2, T2, T2, cudnnTensorStruct, const T1 *, cudnnTensorStruct, const T1 *, cudnnTensorStruct, T1 *, const T2 *, T2 *, T2 *, const T2 *, const T2 *, T2)"
2.9,319684189,2006,159364.0,160066.0,22688,322116,110596.9,"void at::native::vectorized_elementwise_kernel<(int)4, at::native::<unnamed>::launch_clamp_scalar(at::TensorIteratorBase &, c10::Scalar, c10::Scalar, at::native::detail::ClampLimits)::[lambda() (instance 1)]::operator ()() const::[lambda() (instance 7)]::operator ()() const::[lambda(float) (instance 1)], at::detail::Array<char *, (int)2>>(int, T2, T3)"
2.6,286550480,3234,88605.6,40256.5,2336,319716,108464.2,"void cudnn::engines_precompiled::nhwcToNchwKernel<float, float, float, (bool)1, (bool)0, (cudnnKernelDataType_t)0>(cudnn::engines_precompiled::nhwc2nchw_params_t<T3>, const T1 *, T2 *)"
2.2,241791918,490,493452.9,494646.0,324196,504806,17295.6,"void cudnn::bn_fw_tr_1C11_kernel_NCHW<float, float, int, (int)128, (bool)1, (int)1, (bool)1>(cudnnTensorStruct, const T1 *, cudnnTensorStruct, T1 *, const T2 *, const T2 *, T2, T2, T2 *, T2 *, T2 *, T2 *, T2, T2)"
1.9,216514315,352,615097.5,581959.5,362500,902859,71852.0,sm80_xmma_fprop_implicit_gemm_tf32f32_tf32f32_f32_nhwckrsc_nchw_tilesize128x128x16_stage4_warpsize2x2x1_g1_tensor16x8x8_alignc4_execute_kernel__5x_cudnn
1.8,196306296,980,200312.5,164146.0,102209,256292,45207.4,"void cudnn::bn_fw_tr_1C11_kernel_NCHW<float, float, int, (int)32, (bool)1, (int)1, (bool)1>(cudnnTensorStruct, const T1 *, cudnnTensorStruct, T1 *, const T2 *, const T2 *, T2, T2, T2 *, T2 *, T2 *, T2 *, T2, T2)"
1.4,154567000,292,529339.0,415413.5,175490,987724,250755.0,"void wgrad_alg0_engine<float, (int)128, (int)6, (int)8, (int)3, (int)3, (int)5, (bool)0, (int)512>(int, int, int, const T1 *, int, T1 *, const T1 *, kernel_grad_params, unsigned long long, int, float, int, int, int, int)"
0.9,99634771,98,1016681.3,1026557.0,571048,1100398,51752.2,void cutlass__5x_cudnn::Kernel<cutlass_tensorop_s1688dgrad_optimized_tf32_128x64_16x6_nhwc_align4>(T1::Params)
0.7,82499677,98,841833.4,849994.5,468678,870444,43045.8,sm86_xmma_wgrad_implicit_gemm_indexed_tf32f32_tf32f32_f32_nhwckrsc_nhwc_tilesize128x64x32_stage4_warpsize2x2x1_g1_tensor16x8x8_execute_kernel__5x_cudnn
0.7,76880371,97,792581.1,778282.0,634440,930892,71211.9,sm80_xmma_dgrad_implicit_gemm_indexed_tf32f32_tf32f32_f32_nhwckrsc_nhwc_tilesize128x128x16_stage4_warpsize2x2x1_g1_tensor16x8x8_strided_execute_kernel__5x_cudnn
0.7,75095060,98,766276.1,771705.0,430886,814859,49393.8,void cutlass__5x_cudnn::Kernel<cutlass_tensorop_s1688dgrad_optimized_tf32_128x128_16x4_nhwc_align4>(T1::Params)
0.7,72790060,400,181975.1,161202.0,51201,322372,83950.9,"void cudnn::bn_fw_inf_1C11_kernel_NCHW<float, float, (bool)1, (int)1>(T2, T2, cudnnTensorStruct, const T1 *, cudnnTensorStruct, T1 *, cudnnTensorStruct, const T2 *, const T2 *, const T2 *, const T2 *, T2)"
0.5,54366067,100,543660.7,543047.0,277892,578695,35343.7,"void wgrad_alg0_engine<float, (int)128, (int)5, (int)5, (int)3, (int)3, (int)3, (bool)0, (int)512>(int, int, int, const T1 *, int, T1 *, const T1 *, kernel_grad_params, unsigned long long, int, float, int, int, int, int)"
0.5,52754941,196,269157.9,252147.0,139746,306788,34534.1,"void cudnn::detail::dgrad_engine<float, (int)512, (int)6, (int)5, (int)3, (int)3, (int)3, (bool)0>(int, int, int, const T1 *, int, const T1 *, int, T1 *, kernel_grad_params, unsigned long long, int, unsigned long long, int, float, int, int, int)"
0.5,50205310,586,85674.6,84561.0,1728,171971,83315.6,"void at::native::<unnamed>::multi_tensor_apply_kernel<at::native::<unnamed>::TensorListMetadata<(int)2>, at::native::<unnamed>::BinaryOpListAlphaFunctor<float, (int)2, (int)2, (int)0>, std::plus<float>, float>(T1, T2, T3...)"
0.2,26409067,118,223805.7,223779.0,129249,237827,11746.1,_5x_cudnn_ampere_scudnn_128x64_relu_medium_nn_v1
0.2,25209308,196,128618.9,112641.0,58113,153058,23146.0,"void cudnn::engines_precompiled::scalePackedTensor_kernel<float, float>(long, T1 *, T2)"
0.2,25036471,490,51094.8,51424.5,31296,56129,2807.0,"void cudnn::bn_fw_tr_1C11_singleread<float, (int)512, (bool)1, (int)1, (int)2, (int)0>(cudnn::bn_fw_tr_1C11_args<T1>)"
0.2,21342902,117,182418.0,182595.0,121826,194402,6117.9,_5x_cudnn_ampere_scudnn_128x128_relu_medium_nn_v1
0.2,20752427,118,175868.0,180946.0,92226,223523,22466.3,_5x_cudnn_ampere_scudnn_128x32_relu_interior_nn_v1
0.2,18613118,6042,3080.6,1984.0,1216,24800,4157.3,"void at::native::vectorized_elementwise_kernel<(int)4, at::native::AUnaryFunctor<float, float, float, at::native::binary_internal::MulFunctor<float>>, at::detail::Array<char *, (int)2>>(int, T2, T3)"
0.1,16477679,98,168139.6,168098.0,164322,171074,938.8,"void at::native::<unnamed>::multi_tensor_apply_kernel<at::native::<unnamed>::TensorListMetadata<(int)3>, at::native::<unnamed>::BinaryOpListAlphaFunctor<float, (int)3, (int)2, (int)2>, std::plus<float>, float>(T1, T2, T3...)"
0.1,13683345,98,139626.0,143570.0,75297,161826,20063.1,"void at::native::<unnamed>::avg_pool2d_backward_out_cuda_frame<float, float, int>(T3, const T1 *, long, long, long, long, long, int, int, int, int, int, int, T1 *, int, bool, bool)"
0.1,12181657,99,123047.0,119361.0,90369,482855,38293.3,void cutlass__5x_cudnn::Kernel<cutlass_tensorop_s1688dgrad_optimized_tf32_128x256_16x3_nhwc_align4>(T1::Params)
0.1,11230036,194,57886.8,57297.0,2176,114658,55368.1,"void at::native::<unnamed>::multi_tensor_apply_kernel<at::native::<unnamed>::TensorListMetadata<(int)1>, at::native::<unnamed>::BinaryOpScalarFunctor<float, (int)1, (int)1, (int)0>, std::multiplies<float>, float>(T1, T2, T3...)"
0.1,7045723,11,640520.3,698505.0,354149,759082,129802.7,sm86_xmma_fprop_implicit_gemm_tf32f32_tf32f32_f32_nhwckrsc_nchw_tilesize128x128x16_stage3_warpsize2x2x1_g1_tensor16x8x8_alignc4_execute_kernel__5x_cudnn
0.0,4392914,118,37228.1,38208.5,18976,43072,4507.9,"void at::native::<unnamed>::avg_pool2d_out_cuda_frame<float, float>(int, const T1 *, long, long, long, long, int, int, int, int, int, int, int, T1 *, int, bool, bool)"
0.0,3537045,1960,1804.6,1728.0,1632,2464,188.4,"void at::native::vectorized_elementwise_kernel<(int)4, at::native::CUDAFunctorOnSelf_add<long>, at::detail::Array<char *, (int)2>>(int, T2, T3)"
0.0,2895783,388,7463.4,2080.0,1152,24768,9668.9,"void at::native::vectorized_elementwise_kernel<(int)2, at::native::AUnaryFunctor<float, float, float, at::native::binary_internal::MulFunctor<float>>, at::detail::Array<char *, (int)2>>(int, T2, T3)"
0.0,2369438,3,789812.7,790794.0,787498,791146,2012.3,sm80_xmma_dgrad_implicit_gemm_tf32f32_tf32f32_f32_nhwckrsc_nhwc_tilesize128x128x16_stage4_warpsize2x2x1_g1_tensor16x8x8_execute_kernel__5x_cudnn
0.0,1349711,118,11438.2,11840.0,6304,13216,1391.2,"void at::native::<unnamed>::nll_loss_forward_reduce_cuda_kernel_2d<float, float, long>(T1 *, T1 *, const T1 *, const T3 *, const T1 *, bool, long, long, long, long)"
0.0,1124364,118,9528.5,9888.0,6496,12288,1177.9,"void at::native::sbtopk::gatherTopK<float, unsigned int, (int)2, (bool)0>(at::cuda::detail::TensorInfo<const T1, T2>, T2, T2, bool, T2, T2, at::cuda::detail::TensorInfo<T1, T2>, T2, at::cuda::detail::TensorInfo<long, T2>, T2, T1 *)"
0.0,902408,118,7647.5,7904.0,5760,15232,1274.0,ampere_sgemm_32x32_sliced1x4_tn
0.0,838793,118,7108.4,7424.0,5280,7712,696.7,"void at::native::bitonicSortKVInPlace<(int)2, (int)-1, (int)16, (int)16, float, long, at::native::GTOp<float, (bool)1>, unsigned int>(at::cuda::detail::TensorInfo<T5, T8>, T8, T8, T8, at::cuda::detail::TensorInfo<T6, T8>, T8, T7)"
0.0,835022,236,3538.2,3552.0,2464,4064,392.4,"void at::native::reduce_kernel<(int)512, (int)1, at::native::ReduceOp<float, at::native::func_wrapper_t<float, at::native::sum_functor<float, float, float>::operator ()(at::TensorIterator &)::[lambda(float, float) (instance 1)]>, unsigned int, float, (int)4>>(T3)"
0.0,772713,97,7966.1,8192.0,5536,9216,1092.3,void cutlass::Kernel<cutlass_80_simt_sgemm_128x32_8x5_nt_align1>(T1::Params)
0.0,698696,97,7203.1,7552.0,5056,8192,931.9,ampere_sgemm_64x32_sliced1x4_nn
0.0,651114,98,6644.0,6848.0,4320,7616,863.8,"void at::native::<unnamed>::nll_loss_backward_reduce_cuda_kernel_2d<float, long>(T1 *, const T1 *, const T2 *, const T1 *, const T1 *, bool, int, int, long, long)"
0.0,650409,353,1842.5,1888.0,1408,2752,333.6,"void cask__5x_cudnn::computeOffsetsKernel<(bool)0, (bool)0>(cask__5x_cudnn::ComputeOffsetsParams)"
0.0,546950,98,5581.1,5744.0,3904,6432,758.3,"void at::native::reduce_kernel<(int)256, (int)2, at::native::ReduceOp<float, at::native::func_wrapper_t<float, at::native::sum_functor<float, float, float>::operator ()(at::TensorIterator &)::[lambda(float, float) (instance 1)]>, unsigned int, float, (int)4>>(T3)"
0.0,529608,118,4488.2,4704.0,3296,4897,454.3,"void at::native::elementwise_kernel<(int)128, (int)4, void at::native::gpu_kernel_impl<at::native::direct_copy_kernel_cuda(at::TensorIteratorBase &)::[lambda() (instance 3)]::operator ()() const::[lambda() (instance 7)]::operator ()() const::[lambda(float) (instance 1)]>(at::TensorIteratorBase &, const T1 &)::[lambda(int) (instance 1)]>(int, T3)"
0.0,491298,98,5013.2,5024.0,4160,5216,128.8,sm86_xmma_wgrad_implicit_gemm_indexed_tf32f32_tf32f32_f32_nhwckrsc_nhwc_tilesize128x64x32_stage4_warpsize2x2x1_g1_tensor16x8x8_execute_split_k_kernel__5x_cudnn
0.0,450853,100,4508.5,2016.0,1920,248707,24666.7,"void at::native::<unnamed>::CatArrayBatchedCopy_aligned16_contig<at::native::<unnamed>::OpaqueType<(unsigned int)4>, unsigned int, (int)1, (int)128, (int)1>(T1 *, at::native::<unnamed>::CatArrInputTensorMetadata<T1, T2, T4, T5>, at::native::<unnamed>::TensorSizeStride<T2, (unsigned int)4>, int, T2)"
0.0,449283,118,3807.5,3968.0,2784,4160,383.2,"void at::native::unrolled_elementwise_kernel<at::native::direct_copy_kernel_cuda(at::TensorIteratorBase &)::[lambda() (instance 3)]::operator ()() const::[lambda() (instance 7)]::operator ()() const::[lambda(float) (instance 1)], at::detail::Array<char *, (int)2>, TrivialOffsetCalculator<(int)1, unsigned int>, TrivialOffsetCalculator<(int)1, unsigned int>, at::native::memory::LoadWithCast<(int)1>, at::native::memory::StoreWithCast<(int)1>>(int, T1, T2, T3, T4, T5, T6)"
0.0,432513,118,3665.4,3904.0,2368,4096,501.9,"void at::native::elementwise_kernel<(int)128, (int)4, void at::native::gpu_kernel_impl_nocast<at::native::BinaryFunctor<long, long, bool, at::native::<unnamed>::CompareEqFunctor<long>>>(at::TensorIteratorBase &, const T1 &)::[lambda(int) (instance 1)]>(int, T3)"
0.0,400904,116,3456.1,3584.0,2720,4032,407.7,"void splitKreduce_kernel<(int)32, (int)16, int, float, float, float, float, (bool)1, (bool)1, (bool)0>(cublasSplitKParams<T6>, const T4 *, const T5 *, T5 *, const T6 *, const T6 *, const T7 *, const T4 *, T7 *, void *, long, T6 *, int *)"
0.0,359460,97,3705.8,3648.0,3040,4160,263.8,void xmma__5x_cudnn::implicit_gemm::strided_dgrad_indexed::kernel_helper_stage_1<xmma__5x_cudnn::implicit_gemm::strided_dgrad_indexed::Params_pre_hopper>(T1)
0.0,355142,118,3009.7,3136.0,2272,3264,273.7,"void at::native::elementwise_kernel<(int)128, (int)4, void at::native::gpu_kernel_impl_nocast<at::native::direct_copy_kernel_cuda(at::TensorIteratorBase &)::[lambda() (instance 3)]::operator ()() const::[lambda() (instance 11)]::operator ()() const::[lambda(bool) (instance 1)]>(at::TensorIteratorBase &, const T1 &)::[lambda(int) (instance 1)]>(int, T3)"
0.0,280229,97,2889.0,2848.0,2080,3233,180.9,void xmma__5x_cudnn::implicit_gemm::strided_dgrad_indexed::kernel_helper_stage_0<xmma__5x_cudnn::implicit_gemm::strided_dgrad_indexed::Params_pre_hopper>(T1)
0.0,267012,196,1362.3,1408.0,960,1537,158.2,"void at::native::vectorized_elementwise_kernel<(int)4, at::native::FillFunctor<float>, at::detail::Array<char *, (int)1>>(int, T2, T3)"
0.0,263522,97,2716.7,2688.0,2272,3104,188.6,"void xmma__5x_cudnn::implicit_gemm::strided_dgrad_indexed::kernel_helper_stage_2<xmma__5x_cudnn::implicit_gemm::strided_dgrad_indexed::Params_pre_hopper>(T1, int)"
0.0,243042,5,48608.4,48960.0,47328,49089,745.8,"void cudnn::bn_bw_1C11_singleread<float, (int)512, (bool)1, (int)1, (int)2, (int)0>(cudnn::bn_bw_1C11_args<T1>)"
0.0,239521,97,2469.3,2432.0,2048,2784,172.1,"void xmma__5x_cudnn::implicit_gemm::strided_dgrad_indexed::kernel_helper_stage_3<xmma__5x_cudnn::implicit_gemm::strided_dgrad_indexed::Params_pre_hopper>(T1, int)"
0.0,221670,118,1878.6,1952.0,1376,2208,265.0,"void <unnamed>::softmax_warp_forward<float, float, float, (int)4, (bool)1, (bool)0>(T2 *, const T1 *, int, int, int, const bool *, int, bool)"
0.0,215553,97,2222.2,2272.0,1568,2528,273.7,"void splitKreduce_kernel<(int)32, (int)16, int, float, float, float, float, (bool)1, (bool)0, (bool)0>(cublasSplitKParams<T6>, const T4 *, const T5 *, T5 *, const T6 *, const T6 *, const T7 *, const T4 *, T7 *, void *, long, T6 *, int *)"
0.0,199108,100,1991.1,1984.0,1856,2336,72.7,"void at::native::<unnamed>::CatArrayBatchedCopy_aligned16_contig<at::native::<unnamed>::OpaqueType<(unsigned int)8>, unsigned int, (int)1, (int)128, (int)1>(T1 *, at::native::<unnamed>::CatArrInputTensorMetadata<T1, T2, T4, T5>, at::native::<unnamed>::TensorSizeStride<T2, (unsigned int)4>, int, T2)"
0.0,179714,98,1833.8,1888.5,1312,2080,217.7,"void <unnamed>::softmax_warp_backward<float, float, float, (int)4, (bool)1, (bool)0>(T2 *, const T1 *, const T1 *, int, int, int, const bool *)"
0.0,141186,1,141186.0,141186.0,141186,141186,0.0,"void precomputed_convolve_sgemm<float, (int)512, (int)6, (int)7, (int)4, (int)3, (int)5, (int)1, (bool)0>(int, int, int, const T1 *, int, T1 *, const T1 *, kernel_conv_params, unsigned long long, int, float, float, int, bool, bool, const T1 *, const T1 *, int *)"
0.0,9664,1,9664.0,9664.0,9664,9664,0.0,ampere_sgemm_32x32_sliced1x4_nt
0.0,4192,1,4192.0,4192.0,4192,4192,0.0,ampere_sgemm_32x128_nn
0.0,1440,1,1440.0,1440.0,1440,1440,0.0,"void cudnn::cnn::kern_precompute_indices<(bool)0>(int *, int, int, int, int, int)"
